Abbott, Ackerson, Adgate, Adriaens, Agatha, Alden, Alfred, Allard, Allen, Allerton, Allis, Anceline, Anderson, Andre, Andreas, Andrews, Apoke, Appel, Apple, Archambault, Archer, Armand, Arnold, Arsick, Ashwell, atte Chircheyerde, atte Cyrkarth, Atwood, Aubert, Audin, Avison, Ayres, Bacheler, Backer, Bacon, Bailey, Baker, Baldewyne, Baldwin, Baldwyne, Bangs, Banker, Banks, Barabe, Barensen, Bariere, Baril, Barker, Barlow, Barnard, Barnes, Barnhart, Barre, Barry, Bartell, Bartlett, Bascom, Basset, Bateman, Bates, Bauch, Baudet, Bauer, Baus, Baxter, Bayard, Baz, Beach, Beale, Beam, Bearse, Beart, Beauchamp, Beaudin, Beaupre, Beauvais, Beck, Becker, Beebe, Beeckman, Beecqman, Beekman, Beer, Belew, Bellinger, Benedick, Benedict, Bennedict, Benner, Bennett, Berkey, Bernhardt, Bernhardt, Bernhart, Berringer, Best, Betts, Betzer, Beyer, Bikker, Binger, Bisaillon, Bisson, Bissonette, Bitzer, Blackmore, Blackwell, Blackwell, Blakewell, Bleecker, Blomfeild, Blomfield, Bloomer, Blumfeild, Blyant, Blythe, Bobie, Boecker, Boerhans, Bogaert, Bogardus, Boivin, Bonner, Boom, Boquet, Borsboom, Borst, Bortle, Bosworth, Boteler, Botjagers, Boucher, Bouck, Boudemer, Boughton, Boulet, Bourdeau, Bourdon, Bout, Bouton, Bouvillon, Boyer, Bradford, Bradshaw, Bradt, Bramhall, Brandt, Brasher, Bratt, Bray, Bredon, Bresar, Bressie, Breton-Helie, Brewster, Bridgham, Bridgum, Brikkers, Bristow, Bromfield, Brook, Brooke, Brooks, Brout, Brouwer, Brown, Brunnell, Buchanan, Buck, Bunker, Burnett, Burr, Burroughs, Burt, Buschbaum, Busecot, Bushnell, Byrnes, Cadiel, Cadogan, Callaway, Calloway, Calvert, Calye, Cam, Camp, Canfield, Cannape, Cannon, Carpenter, Carson, Carter, Casse, Casselberry, Cassier, Castense, Catlin, Chadderdon, Chadderton, Chaddindon, Chaffee, Chaire, Chalifou, Champlain, Chapman, Charbonneau, Charlemagne, Charles, Chase, Chatteron, Chatterton, Chattington, Chaucer, Chauvin, Chedville, Chevalier, Childs, Choret, Churchyard, Clark, Clarke, Clement-Labonte, Clements, Clerice, Clifford, Cline, Clinton, Clopper, Cobb, Cobean, Cobes, Cochet, Coddington, Cody, Coeymans, Cole, Coles, Colet, Coley, Coligny, Colington, Coljer, Collier, Colvin, Comstock, Cook, Coons, Cooper, Core, Cornelis, Cornelise, Cornelissen, Corse, Cortedouat, Cortelyou, Couwenhoven, Cowper, Cox, Crabbe, Cravens, Crenshaw, Cressy, Creste, Crocker, Crosby, Croshaw, Cross, Crowell, Crymes, Cudner, Cummings, Curtis, Cusson, Custer, Dagert, Dagesse, Dalzell, Damen, Daniels, Dann, Darmine, Darvall, Davenport, David, Davidson, Davis, Davison, Davisson, de Arsick, de Beaufort, de Bonare, de Bresworth, de Coggeshall, de Duitscher, de Fief, de Foe, de Foreest, de Graaf, de Grauw, de Groot, de Hinsee, de Hooges, de Kirkegarth, de la Haye, de la Montagne, de la Montaigne, de la Poterie, de Lavall, de Meyer, de Monceaus, De Nevers, de Nevers, de Noyan, de Pre, de Rouville, de Sille, de Trou, de Tymworth, de Vries, de Winter, Deane, Deat, Decker, Defoe, Demers, Denby, DeNevers, Denis-Lapiere, Denis-Lapierre, Denot, Denote, Desbois, Despringuer, Deveritt, Dewey, Dewitt, Diebert, Diederich, Diedrich, Dingman, Dircks, Dirkse, Dixon, Doane, Doanne, Dodson, Doert, Doerth, Dole, Dollin, Dolte, Donckers, Donckessen, Dongan, Doreward, Doublet, Doucet, Douwese, Doyley, Driby, Drouillard, Druphagel, du Chesne, du Toict, du Trieux, Dubois, Dufour, Dumas, Dumats, Dumets, Dumont, Dumontet, Dumontet, Duncanson, Dunkerson, Dunkeson, Dunster, Dupuy, Dutaut, Dutost, Duttenfield, Duvall, Dyer, Eaton, Ecker, Eckerson, Eckker, Eckkerson, Eddy, Edgar, Edgbert, Edward, Eggleston, Elbers, Ellis, Ely, Emory, Enters, Esselstyn, Evans, Everett, Evertsen, Ewing, Fairly, Farcy, Farnsworth, Faunce, Fayenne, Felles, Ferguson, Ferris, Feuillart, Field, Finkel, Fiset, Fish, Fisher, Fisk, Fiske, FitzGerald, FitzJeffries, Fitzjeffries, Fizet, Fletcher, Flowerdew, Foderinghay, Foeck, Follick, Fonda, Fonton, Foran, Ford, Forestier, Fortier, Fosdike, Foster, Fotheringhay, Fournier, Fowlkes, Fox, Francoeur, Franke, Fredrix, Freeman, Freeman, French, Freudel, Frichet, Frisbee, Froge, Funk, Furford, Furier, Gaboury, Gadbury, Gall, Gamble, Gansevort, Gareman, Garnier, Garnsey, Garvin, Garvin, Gaschet, Gaudin, Gaudry, Gebhard, Geiger, Gerhard, Germain, Gerrits, Gervaise, Giard, Gibbons, Gilbert, Girard, Glen, Glen, Glenn, Goche, Golty, Gooch, Goodloe, Goodrich, Goodwin, Goodwyn, Gorham, Gosselin, Goupillet, Gournais, Gournay, Grant, Gratwick, Graveley, Gravely, Graves, Gray, Green, Gregg, Gregory, Grenier, Greviere, Grimwood, Groen, Gronovius, Groot, Grummon, Guillaume, Guillois, Gundry, Gunn, Gunter, Gylbert, Gynger, Hackwell, Hafer, Hagenohl, Hager, Haggar, Haggerty, Hale, Hall, Hall, Hallet, Hallett, Hamblen, Hamblin, Hamilton, Hamlett, Hamm, Handgrave, Hann, Hardin, Harding, Hardy, Harnet, Harrison, Harsick, Hartley, Hartley, Hasely, Hatchet, Hatchett, Hausmann, Hawkes, Hawkwood, Hawkyns, Hawthorne, Hayes, Hays, Hazelton, Heartley, Hedge, Heermans, Hefti, Hemer, Henry, Herring, Hethersall, Hickok, Hicks, Hiester, Higgins, Higginson, Hillard, Hitchcock, Hobart, Hodges, Hodgkins, Hodsoll, Hoffman, Hogaboom, Hogan, Hogeboom, Hoite, Holeman, Holland, Homan, Homer, Hoof, Hoogen, Hoogtelinck, Hoopes, Hopkins, Hornung, Houde, Houle, Hourdouil, Hourdouille, Howard, Howes, Howland, Hoyt, Hubbard, Hufftail, Huggeson, Hulin, Hulinet, Hunloke, Hunt, Hunter, Huntsinger, Huntzinger, Hyatt, Hystand, Ichenhauser, Jaeckel, Jamali, James, Jaminet, Jans, Jeannes, Jeffers, Jefffress, Jeffress, Jenkins, Jennings, Jergin, Jernegan, Jerome, Jette, Jissioum, Jobin, Jochemsen, Joghimsen, John, Johnson, Jolivet, Jones, Joosten, Jordon, Joss, Jourdonnais, Joyce, Jump, Jung, Kane, Karstensz, Kassenberg, Kately, Kelley, Kellog, Kelsey, Kemball, Kendall, Kerner, Ketter, Keyser, Khayyam, Kieft, Kilpatrick, Kind, King, Kip, Kirkeyerde, Kirsteede, Klein, Knight, Knowles, Knowlton, Knox, Koch, Kool, Kortregt, Kretzingen, Kreusler, Kuhn, Kurtz, la Fortune, Labbe, Labrecque, Laeckens, Laekens, Lamarre, Lambert, Lampmann, Land, Lane, Langden, Lange, Lanham, Lankester, Lanoue, Lansing, Lapierre, Larned?, Larouche, Latham, Laughlin, Laun, Launart, Launert, Laux, Lauzon, le Fever, le Long, Le Moyne, le Roy, le Strange, Lea, Lebec, Leber, Leduc, Leech, Lefebvre, Leger, Legrand, Leithen, Lelong, Lemay, Leonards, Lepotier, Lewis, Leydecker, Lievesen, Liger, Lincoln, Lindner, Lindsay, Linn, Lobdell, Lockwood, Loker, Loockermans, Looker, Loosk, Lorentz, Losse, Lotius, Lounart, Loundhart, Lounhart, Lounsberry, Lower, Lowery, Lowry, Lubberson, Ludlow, Lummis, Lussier, Lyman, Mabie, Mabille, MacKey, Madison, Magidoff, Malet, Malier, Malta, Manby, Mance, Mann, Manning, Marchand, Marie, Markham, Marrs, Marsh, Martin, Marvin, Masters, Mattheus, Matthews, Maugis, Maxe, Mayer, Mayo, McCausland, McCloskey, McCluskey, McCluskey, McClusky, McCreary, McCurdy, McCutcheon, McDonald, McLean, McLusky, McMullen, Mebie, Meldrum, Menard, Menloff, Merrick, Merrill, Mervyn, Mesick, Messenger, Metselaer, Meunier, Meusnier, Middleshitch, Miles, Miller, Mills, Mingael, Mitchell, Moll, Monet, Monette, Montenu, Montgomerie, Montgomery, Moore, Moorebread, Moorehead, Mordaunt, Morebread, Morel, Morfey, Morissette, Morres, Morris, Morton, Moulin, Moulton, Muhlenberg, Murphy, Mussey, Nash, Naunton, Nelson, Neville, Newhouse, Niard, Nichols, Niskeron, Noblecoert, Nohl, Noirett, Nolde, Norbeck, Norlock, Norman, Normandin, Norment, Northam, Northrop, Norton, O'Kyan, Odell, Ofmulder, Oldham, Oliver, Olmsted, Olmsted, Orchard, Orr, Osterhout, Ouinville, Ouvrard, Owsley, Ozanne, Packard, Paddock, Paddy, Paersil, Pain, Paine, Palmer, Palzow, Paquet, Paradis, Pardie, Parker, Parsons, Patch, Patwell, Pauwlding, Paxson, Pearce, Peek, Peers, Peirin, Pelham, Pelky, Pellam, Pelm, Pepin, Perdue, Peron, Perot, Perrin, Perry, Pest, Peterson, Petit, Phelps, Philippa, Pickering, Pickett, Pier, Pierce, Pineau, Pinson, Pinsonneau, Pitcher, Plante, Platner, Plumley, Poindexter, Poissant, Pollard, Pomponelle, Porter, Potter, Poupart, Poutman, Powel, Powell, Power, Pratt, Prence, Prince, Proctor, Pulver, Quabeck, Quentin, Quick, Quint, Rackham, Randall, Ransome, Rau, Rawson, Raymond, Reade, Redstone, Reed, Rees, Reeves, Remillard, Remillard, Renaudin, Reresby, Rheaume, Rhodes, Ricard, Rice, Rich, Richards, Richardson, Ricker, Rider, Riecken, Ring, Ringey, Robbins, Roberts, Robinson, Robisson, Rockefeller, Rodgers, Roet, Rogers, Rokele, Rolle, Rolleville, Romeyn, Romp, Roosa, Rorig, Rosa, Roscoe, Roseboom, Rosekrans, Roulois, Roulou, Roussin, Roux, Rowley, Ruetgers, Rugg, Russel, Russell, Rutsen, Ryck, Ryder, Ryssens, Salbach, Salisbury, Saltz, Sanderson, Santvoort, Sargeant, Savard, Savory, Sawyer, Schaeffer, Schaffer, Schalenbach, Schepmoes, Schlechte, Schmid, Schmidt, Schneider, Schoales, Schuermans, Schultz, Schutt, Schutz, Schuyler, Scofield, Scott, Scribner, Scudder, Sears, Seiler, Senecal, Serre, Severance, Seymour, Shaffer, Shanklin, Shaw, Sheldon, Sherman, Shipp, Shutter, Siele, Sikora, Simmons, Simonsen, Skelding, Slany, Slauson, Slentz, Slingerland, Sloan, Slocum, Smead, Smith, Sneed, Snow, Snyder, Solde, Soulard, Southworth, Soyer, Spanjard, Sparrow, Spickerman, Spier, Spofford, Spohn, Springmann, Spurlings, St,  John, St,  John, Stanley, Staples, Starks, Stavely, Stebbins, Steenwyck, Steinkopf, Stephenson, Stevens, Stewart, Stillman, Stilwel, Stockwell, Stone, Stream, Strutt, Stubenrauch, Stuyvesant, Summers, Surprenant, Surprenant, Swart, Swartout, Swartwout, Sweet, Swits, Taat, Tack, Taine, Tanfield, Taschemaker, Taylor, Teate, Teller, Tellier, Telvoren, ten Kate, Tessier, Testard, Tetu, Tetu-Lariviere, Thacher, Thatcher, Thibault, Thivert, Thompson, Thorne, Thorton, Threadgale, Threadkell, Thredgale, Tobey, Tompetters, Tonneman, Toone, Toplady, Touralt, Tourault, Townsend, Tracy, Tragner, Trahan, Traphagen, Traver, Treber, Trommels, Trostel, Trott, Trow, Trowbridge, Truax, Trudeau, Tucker, Turck, Turner, Turney, Tyndall, Umstat, Underhill, Urquehart, Usille, Uzille, Valense, van Aernam, van Ale, van Alen, van Amersfoort, van Antwerp, van Bemmel, van Benthuysen, van Brugge, van Couwenhoven, van Curler, van den Bosch, van den Uythoff, van der Kar, van der Linde, van der Zee, van Deusen, van Dijck, van Dyck, van Epps, van Eschelen, van Esselstyne, van Etten, van Feurden, van Fossen, van Gaasbeck, van Gaesbeeck, van Garden, van Gunst, van Hattum, van Hees, van Hoesen, van Ilpendam, van Imburgh, van Lipstradt, van Munnickendam, van Naerden, Van Ness, van Ness, van Norden, van Olfendam, van Ransslear, van Rensselaer, van Rollegom, van Rotmers, van Rotmerz, van Salee, van Schaick, van Schelluyne, van Schoonhoven, van Slechtenhorst, van Slyck, van Slyk, van Tienhoven, van Varick, van Vegte, van Vorst, van Vredenburch, van Vredenburg, van Waelenburch, van Wagenen, van Wie, Vanorsdale, Vedder, Veillon, Venet, Vervay, Vickery, Viele, Vignon, Vincent, Vlierboom, Voilin, von Danzich, von Heydt, Vooburch, Vosburgh, Vredenburg, Vredenburgh, Vroman, Vrooman, Wade, Walker, Wallace, Waller, Walsh, Ward, Waren, Waring, Warner, Warren, Warriner, Washington, Wasp, Waspe, Waterbury, Waterman, Watson, Webb, Webbe, Weeks, Weinhaus, Weirauch, Weiser, Wemp, Wendel, Wendell, West, Westcott, Westfall, Westvaal, Westvall, Weyand, Whatlock, Wheeler, Wheldon, Whisstock, White, Whitlock, Whitney, Wible, Wilcox, Willard, William, Williams, Wilson, Winedecker, Wing, Winthrop, Wiseman, Wiswall, Witbeck, Witchingham, Wood, Woodward, Wooldridge, Wotshall, Wright, Wunneberg, Wyndham, Wyseman, Yandes, Yardley, Yardly, Yates, Young, Younglove, Younie, Ziele, Zimmermann